order,labour_cost,material_cost,transport_cost,total_cost
O001,570.9166666666667,516.6,1000,2087.516666666667
O002,505.9166666666667,310.8,1000,1816.7166666666667
O003,657.5833333333334,800.8000000000001,1000,2458.383333333333
O004,473.4166666666667,286.65000000000003,1000,1760.0666666666666
O005,711.75,857.15,1000,2568.9
O006,603.4166666666667,558.6,1000,2162.016666666667
O007,830.9166666666667,1396.5,1000,3227.416666666667
O008,538.4166666666667,357.00000000000006,1000,1895.4166666666667
O009,679.25,705.6,1000,2384.85
O010,765.9166666666667,982.8000000000001,1000,2748.7166666666667
O011,495.08333333333337,342.65000000000003,1000,1837.7333333333333
O012,895.9166666666667,1444.8,1000,3340.7166666666667
O013,581.75,485.44999999999993,1000,2067.2
O014,733.4166666666667,808.4999999999999,1000,2541.9166666666665
O015,982.5833333333333,1822.8000000000002,1000,3805.383333333333
O016,635.9166666666667,705.6,1000,2341.516666666667
O017,516.75,341.25,1000,1858.0
O018,1036.75,2049.6,1000,4086.35
O019,560.0833333333334,410.55,1000,1970.6333333333334
O020,798.4166666666667,1051.05,1000,2849.4666666666667
O021,1155.9166666666667,2368.7999999999997,1000,4524.716666666666
O022,614.25,623.7,1000,2237.95
O023,841.75,1113.7,1000,2955.45
O024,1242.5833333333335,2744.0,1000,4986.583333333334
