order,production_units,selling_price,on_time,committed_revenue,recognized_revenue,total_cost,committed_profit,recognized_profit
O001,180,16.5,True,2970.0,2970.0,2087.516666666667,882.4833333333331,882.4833333333331
O002,120,15.8,True,1896.0,1896.0,1816.7166666666667,79.2833333333333,79.2833333333333
O003,260,16.5,True,4290.0,4290.0,2458.383333333333,1831.6166666666668,1831.6166666666668
O004,90,18.2,True,1638.0,1638.0,1760.0666666666666,-122.0666666666666,-122.0666666666666
O005,310,16.5,True,5115.0,5115.0,2568.9,2546.1,2546.1
O006,210,15.8,True,3318.0,3318.0,2162.016666666667,1155.9833333333331,1155.9833333333331
O007,420,18.2,True,7644.0,7644.0,3227.416666666667,4416.583333333333,4416.583333333333
O008,150,15.2,True,2280.0,2280.0,1895.4166666666667,384.58333333333326,384.58333333333326
O009,280,15.2,True,4256.0,4256.0,2384.85,1871.15,1871.15
O010,360,15.8,True,5688.0,5688.0,2748.7166666666667,2939.2833333333333,2939.2833333333333
O011,110,18.2,True,2002.0,2002.0,1837.7333333333333,164.26666666666665,164.26666666666665
O012,480,16.5,True,7920.0,7920.0,3340.7166666666667,4579.283333333333,4579.283333333333
O013,190,15.8,True,3002.0,3002.0,2067.2,934.8000000000002,934.8000000000002
O014,330,15.2,True,5016.0,5016.0,2541.9166666666665,2474.0833333333335,2474.0833333333335
O015,560,18.2,True,10192.0,10192.0,3805.383333333333,6386.616666666667,6386.616666666667
O016,240,16.5,True,3960.0,3960.0,2341.516666666667,1618.4833333333331,1618.4833333333331
O017,130,15.8,True,2054.0,2054.0,1858.0,196.0,196.0
O018,610,18.2,False,11102.0,0.0,4086.35,7015.65,-4086.35
O019,170,15.2,True,2584.0,2584.0,1970.6333333333334,613.3666666666666,613.3666666666666
O020,390,15.8,True,6162.0,6162.0,2849.4666666666667,3312.5333333333333,3312.5333333333333
O021,720,18.2,True,13104.0,13104.0,4524.716666666666,8579.283333333333,8579.283333333333
O022,220,16.5,True,3630.0,3630.0,2237.95,1392.0500000000002,1392.0500000000002
O023,430,15.8,True,6794.0,6794.0,2955.45,3838.55,3838.55
O024,800,18.2,True,14560.0,14560.0,4986.583333333334,9573.416666666666,9573.416666666666
