order,prototyping_type,sample_units_accounted,sample_transport_CO2,material_transport_CO2,distribution_CO2,production_CO2,total_CO2,waste
O001,PHYSICAL,5,106.18999999999998,13652.999999999998,297089.27999999997,3660.2999999999993,314508.76999999996,0.12432432432432433
O002,PHYSICAL,5,95.83000000000001,8673.984,184322.16,2778.2999999999997,195870.274,0.136
O003,PHYSICAL,5,113.96000000000001,23703.68,446137.12,4836.3,474791.06,0.11698113207547171
O004,PHYSICAL,5,141.41400000000002,8969.688,162272.565,2337.2999999999997,173720.967,0.1473684210526316
O005,PHYSICAL,5,102.305,21565.894,500636.82500000007,5571.299999999999,527876.3240000001,0.11428571428571428
O006,PHYSICAL,5,98.42,15117.311999999998,301165.19999999995,4101.3,320482.23199999996,0.12093023255813955
O007,PHYSICAL,5,147.63,44584.26,765461.55,7188.3,817381.7400000001,0.11058823529411767
O008,PHYSICAL,5,65.41600000000001,7397.040000000001,214929.30000000002,3219.3,225611.056,0.12903225806451615
O009,PHYSICAL,5,69.26399999999998,15664.32,395635.968,5130.299999999999,416499.85199999996,0.11578947368421053
O010,PHYSICAL,5,101.01,28259.712,561661.776,6306.299999999999,596328.798,0.1123287671232877
O011,PHYSICAL,5,138.306,10359.778,209368.94,2631.3,222498.324,0.1391304347826087
O012,PHYSICAL,5,111.36999999999999,45820.8,830883.84,8070.299999999999,884886.31,0.10927835051546392
O013,PHYSICAL,5,94.53500000000001,13445.577999999998,269578.707,3807.3,286926.12,0.12307692307692308
O014,PHYSICAL,5,67.34,19145.28,475127.7299999999,5865.3,500205.6499999999,0.11343283582089553
O015,PHYSICAL,5,144.52200000000002,60121.15200000001,1038438.7440000001,9246.299999999997,1107950.718,0.10796460176991152
O016,PHYSICAL,5,108.78000000000002,20587.392000000003,388027.584,4542.299999999999,413266.056,0.11836734693877551
O017,PHYSICAL,5,97.125,9163.050000000001,204220.575,2925.3,216406.05,0.13333333333333333
O018,PHYSICAL,5,149.184,70201.728,1186062.528,9981.3,1266394.74,0.1073170731707317
O019,PHYSICAL,5,66.378,8853.804,224296.368,3513.3,236729.84999999998,0.12571428571428572
O020,PHYSICAL,5,99.715,31333.302,621443.8230000001,6747.3,659624.1400000001,0.11139240506329114
O021,PHYSICAL,5,146.076,79131.45599999999,1345234.7519999999,11598.299999999997,1436110.5839999998,0.10620689655172413
O022,PHYSICAL,5,104.89500000000001,17670.312,345230.42400000006,4248.3,367253.93100000004,0.12000000000000002
O023,PHYSICAL,5,95.83000000000001,32730.052,662489.218,7335.3,702650.4,0.11034482758620691
O024,PHYSICAL,5,152.29200000000003,95726.40000000001,1573103.84,12774.3,1681756.8320000002,0.10559006211180126
