week,product_id,product_name,requested_quantity,shipped_quantity,unfilled_quantity,fill_rate
0,1,P1,8750.0,5000.0,3750.0,0.5714285714285714
0,2,P2,8750.0,5000.0,3750.0,0.5714285714285714
1,1,P1,8750.0,8750.0,0.0,1.0
1,2,P2,8750.0,8750.0,0.0,1.0
2,1,P1,8750.0,8750.0,0.0,1.0
2,2,P2,8750.0,8750.0,0.0,1.0
3,1,P1,8750.0,8750.0,0.0,1.0
3,2,P2,8750.0,8750.0,0.0,1.0
4,1,P1,7500.0,7500.0,0.0,1.0
4,2,P2,7500.0,7500.0,0.0,1.0
5,1,P1,7500.0,7500.0,0.0,1.0
5,2,P2,7500.0,7500.0,0.0,1.0
6,1,P1,7500.0,7500.0,0.0,1.0
6,2,P2,7500.0,7500.0,0.0,1.0
7,1,P1,7500.0,7500.0,0.0,1.0
7,2,P2,7500.0,7500.0,0.0,1.0
8,1,P1,9500.0,9500.0,0.0,1.0
8,2,P2,9500.0,9500.0,0.0,1.0
9,1,P1,9500.0,9500.0,0.0,1.0
9,2,P2,9500.0,9500.0,0.0,1.0
10,1,P1,9500.0,9500.0,0.0,1.0
10,2,P2,9500.0,9500.0,0.0,1.0
11,1,P1,9500.0,9500.0,0.0,1.0
11,2,P2,9500.0,9500.0,0.0,1.0
12,1,P1,8000.0,8000.0,0.0,1.0
12,2,P2,8000.0,8000.0,0.0,1.0
13,1,P1,8000.0,8000.0,0.0,1.0
13,2,P2,8000.0,8000.0,0.0,1.0
14,1,P1,8000.0,8000.0,0.0,1.0
14,2,P2,8000.0,8000.0,0.0,1.0
15,1,P1,8000.0,8000.0,0.0,1.0
15,2,P2,8000.0,8000.0,0.0,1.0
16,1,P1,10500.0,10500.0,0.0,1.0
16,2,P2,10500.0,10500.0,0.0,1.0
17,1,P1,10500.0,10500.0,0.0,1.0
17,2,P2,10500.0,10500.0,0.0,1.0
18,1,P1,10500.0,10500.0,0.0,1.0
18,2,P2,10500.0,10500.0,0.0,1.0
19,1,P1,10500.0,10500.0,0.0,1.0
19,2,P2,10500.0,10500.0,0.0,1.0
20,1,P1,10000.0,10000.0,0.0,1.0
20,2,P2,10000.0,10000.0,0.0,1.0
21,1,P1,10000.0,10000.0,0.0,1.0
21,2,P2,10000.0,10000.0,0.0,1.0
22,1,P1,10000.0,10000.0,0.0,1.0
22,2,P2,10000.0,10000.0,0.0,1.0
23,1,P1,10000.0,10000.0,0.0,1.0
23,2,P2,10000.0,10000.0,0.0,1.0
24,1,P1,9500.0,9500.0,0.0,1.0
24,2,P2,9500.0,9500.0,0.0,1.0
25,1,P1,9500.0,9500.0,0.0,1.0
25,2,P2,9500.0,9500.0,0.0,1.0
26,1,P1,9500.0,9500.0,0.0,1.0
26,2,P2,9500.0,9500.0,0.0,1.0
27,1,P1,9500.0,9500.0,0.0,1.0
27,2,P2,9500.0,9500.0,0.0,1.0
28,1,P1,9000.0,9000.0,0.0,1.0
28,2,P2,9000.0,9000.0,0.0,1.0
29,1,P1,9000.0,9000.0,0.0,1.0
29,2,P2,9000.0,9000.0,0.0,1.0
30,1,P1,9000.0,9000.0,0.0,1.0
30,2,P2,9000.0,9000.0,0.0,1.0
31,1,P1,9000.0,9000.0,0.0,1.0
31,2,P2,9000.0,9000.0,0.0,1.0
32,1,P1,7500.0,7500.0,0.0,1.0
32,2,P2,7500.0,7500.0,0.0,1.0
33,1,P1,7500.0,7500.0,0.0,1.0
33,2,P2,7500.0,7500.0,0.0,1.0
34,1,P1,7500.0,7500.0,0.0,1.0
34,2,P2,7500.0,7500.0,0.0,1.0
35,1,P1,7500.0,7500.0,0.0,1.0
35,2,P2,7500.0,7500.0,0.0,1.0
36,1,P1,5000.0,5000.0,0.0,1.0
36,2,P2,5000.0,5000.0,0.0,1.0
37,1,P1,5000.0,5000.0,0.0,1.0
37,2,P2,5000.0,5000.0,0.0,1.0
38,1,P1,5000.0,5000.0,0.0,1.0
38,2,P2,5000.0,5000.0,0.0,1.0
39,1,P1,5000.0,5000.0,0.0,1.0
39,2,P2,5000.0,5000.0,0.0,1.0
40,1,P1,8750.0,8750.0,0.0,1.0
40,2,P2,8750.0,8750.0,0.0,1.0
41,1,P1,8750.0,8750.0,0.0,1.0
41,2,P2,8750.0,8750.0,0.0,1.0
42,1,P1,8750.0,8750.0,0.0,1.0
42,2,P2,8750.0,8750.0,0.0,1.0
43,1,P1,8750.0,8750.0,0.0,1.0
43,2,P2,8750.0,8750.0,0.0,1.0
44,1,P1,6250.0,6250.0,0.0,1.0
44,2,P2,6250.0,6250.0,0.0,1.0
45,1,P1,6250.0,6250.0,0.0,1.0
45,2,P2,6250.0,6250.0,0.0,1.0
46,1,P1,6250.0,6250.0,0.0,1.0
46,2,P2,6250.0,6250.0,0.0,1.0
47,1,P1,6250.0,6250.0,0.0,1.0
47,2,P2,6250.0,6250.0,0.0,1.0
