week,product_id,product_name,requested_quantity,shipped_quantity,unfilled_quantity,otif
0,1,P1,8750.0,5000.0,3750.0,0
0,2,P2,8750.0,5000.0,3750.0,0
1,1,P1,8750.0,8750.0,0.0,1
1,2,P2,8750.0,8750.0,0.0,1
2,1,P1,8750.0,8750.0,0.0,1
2,2,P2,8750.0,8750.0,0.0,1
3,1,P1,8750.0,8750.0,0.0,1
3,2,P2,8750.0,8750.0,0.0,1
4,1,P1,7500.0,7500.0,0.0,1
4,2,P2,7500.0,7500.0,0.0,1
5,1,P1,7500.0,7500.0,0.0,1
5,2,P2,7500.0,7500.0,0.0,1
6,1,P1,7500.0,7500.0,0.0,1
6,2,P2,7500.0,7500.0,0.0,1
7,1,P1,7500.0,7500.0,0.0,1
7,2,P2,7500.0,7500.0,0.0,1
8,1,P1,9500.0,9500.0,0.0,1
8,2,P2,9500.0,9500.0,0.0,1
9,1,P1,9500.0,9500.0,0.0,1
9,2,P2,9500.0,9500.0,0.0,1
10,1,P1,9500.0,9500.0,0.0,1
10,2,P2,9500.0,9500.0,0.0,1
11,1,P1,9500.0,9500.0,0.0,1
11,2,P2,9500.0,9500.0,0.0,1
12,1,P1,8000.0,8000.0,0.0,1
12,2,P2,8000.0,8000.0,0.0,1
13,1,P1,8000.0,8000.0,0.0,1
13,2,P2,8000.0,8000.0,0.0,1
14,1,P1,8000.0,8000.0,0.0,1
14,2,P2,8000.0,8000.0,0.0,1
15,1,P1,8000.0,8000.0,0.0,1
15,2,P2,8000.0,8000.0,0.0,1
16,1,P1,10500.0,10500.0,0.0,1
16,2,P2,10500.0,10500.0,0.0,1
17,1,P1,10500.0,10500.0,0.0,1
17,2,P2,10500.0,10500.0,0.0,1
18,1,P1,10500.0,10500.0,0.0,1
18,2,P2,10500.0,10500.0,0.0,1
19,1,P1,10500.0,10500.0,0.0,1
19,2,P2,10500.0,10500.0,0.0,1
20,1,P1,10000.0,10000.0,0.0,1
20,2,P2,10000.0,10000.0,0.0,1
21,1,P1,10000.0,10000.0,0.0,1
21,2,P2,10000.0,10000.0,0.0,1
22,1,P1,10000.0,10000.0,0.0,1
22,2,P2,10000.0,10000.0,0.0,1
23,1,P1,10000.0,10000.0,0.0,1
23,2,P2,10000.0,10000.0,0.0,1
24,1,P1,9500.0,9500.0,0.0,1
24,2,P2,9500.0,9500.0,0.0,1
25,1,P1,9500.0,9500.0,0.0,1
25,2,P2,9500.0,9500.0,0.0,1
26,1,P1,9500.0,9500.0,0.0,1
26,2,P2,9500.0,9500.0,0.0,1
27,1,P1,9500.0,9500.0,0.0,1
27,2,P2,9500.0,9500.0,0.0,1
28,1,P1,9000.0,9000.0,0.0,1
28,2,P2,9000.0,9000.0,0.0,1
29,1,P1,9000.0,9000.0,0.0,1
29,2,P2,9000.0,9000.0,0.0,1
30,1,P1,9000.0,9000.0,0.0,1
30,2,P2,9000.0,9000.0,0.0,1
31,1,P1,9000.0,9000.0,0.0,1
31,2,P2,9000.0,9000.0,0.0,1
32,1,P1,7500.0,7500.0,0.0,1
32,2,P2,7500.0,7500.0,0.0,1
33,1,P1,7500.0,7500.0,0.0,1
33,2,P2,7500.0,7500.0,0.0,1
34,1,P1,7500.0,7500.0,0.0,1
34,2,P2,7500.0,7500.0,0.0,1
35,1,P1,7500.0,7500.0,0.0,1
35,2,P2,7500.0,7500.0,0.0,1
36,1,P1,5000.0,5000.0,0.0,1
36,2,P2,5000.0,5000.0,0.0,1
37,1,P1,5000.0,5000.0,0.0,1
37,2,P2,5000.0,5000.0,0.0,1
38,1,P1,5000.0,5000.0,0.0,1
38,2,P2,5000.0,5000.0,0.0,1
39,1,P1,5000.0,5000.0,0.0,1
39,2,P2,5000.0,5000.0,0.0,1
40,1,P1,8750.0,8750.0,0.0,1
40,2,P2,8750.0,8750.0,0.0,1
41,1,P1,8750.0,8750.0,0.0,1
41,2,P2,8750.0,8750.0,0.0,1
42,1,P1,8750.0,8750.0,0.0,1
42,2,P2,8750.0,8750.0,0.0,1
43,1,P1,8750.0,8750.0,0.0,1
43,2,P2,8750.0,8750.0,0.0,1
44,1,P1,6250.0,6250.0,0.0,1
44,2,P2,6250.0,6250.0,0.0,1
45,1,P1,6250.0,6250.0,0.0,1
45,2,P2,6250.0,6250.0,0.0,1
46,1,P1,6250.0,6250.0,0.0,1
46,2,P2,6250.0,6250.0,0.0,1
47,1,P1,6250.0,6250.0,0.0,1
47,2,P2,6250.0,6250.0,0.0,1
