week,weekly_throughput
0,40000.0
1,20000.0
2,20000.0
3,0.0
4,20000.0
5,20000.0
6,20000.0
7,0.0
8,20000.0
9,20000.0
10,20000.0
11,20000.0
12,20000.0
13,20000.0
14,20000.0
15,0.0
16,40000.0
17,20000.0
18,20000.0
19,20000.0
20,20000.0
21,20000.0
22,20000.0
23,10000.0
24,30000.0
25,20000.0
26,20000.0
27,0.0
28,20000.0
29,20000.0
30,20000.0
31,20000.0
32,20000.0
33,0.0
34,20000.0
35,20000.0
36,0.0
37,20000.0
38,0.0
39,20000.0
40,20000.0
41,20000.0
42,20000.0
43,20000.0
44,0.0
45,20000.0
46,0.0
47,20000.0
