order,finish_time,finish_date,expected_delivery_date,on_time
O001,1176.0,2022-02-21 00:00:00,2022-02-21,True
O002,1344.0,2022-02-28 00:00:00,2022-02-28,True
O003,1512.0,2022-03-07 00:00:00,2022-03-07,True
O004,1680.0,2022-03-14 00:00:00,2022-03-14,True
O005,1848.0,2022-03-21 00:00:00,2022-03-21,True
O006,2016.0,2022-03-28 00:00:00,2022-03-28,True
O007,2184.0,2022-04-04 00:00:00,2022-04-04,True
O008,2352.0,2022-04-11 00:00:00,2022-04-11,True
O009,2520.0,2022-04-18 00:00:00,2022-04-18,True
O010,2688.0,2022-04-25 00:00:00,2022-04-25,True
O011,2856.0,2022-05-02 00:00:00,2022-05-02,True
O012,3504.0,2022-05-29 00:00:00,2022-05-29,True
O013,3192.0,2022-05-16 00:00:00,2022-05-16,True
O014,3840.0,2022-06-12 00:00:00,2022-06-12,True
O015,3912.0,2022-06-15 00:00:00,2022-06-15,True
O016,3696.0,2022-06-06 00:00:00,2022-06-06,True
O017,3864.0,2022-06-13 00:00:00,2022-06-13,True
O018,4125.666666666667,2022-06-23 21:40:00,2022-06-20,False
O019,4920.0,2022-07-27 00:00:00,2022-07-27,True
O020,4368.0,2022-07-04 00:00:00,2022-07-04,True
O021,5280.0,2022-08-11 00:00:00,2022-08-11,True
O022,4704.0,2022-07-18 00:00:00,2022-07-18,True
O023,4872.0,2022-07-25 00:00:00,2022-07-25,True
O024,5520.0,2022-08-21 00:00:00,2022-08-21,True
