week,product_id,product_name,requested_quantity,shipped_quantity,unfilled_quantity,income,distribution_time_hours
0,1,P1,8750.0,5000.0,3750.0,500.0,48
0,2,P2,8750.0,5000.0,3750.0,500.0,48
1,1,P1,8750.0,8750.0,0.0,875.0,48
1,2,P2,8750.0,8750.0,0.0,875.0,48
2,1,P1,8750.0,8750.0,0.0,875.0,48
2,2,P2,8750.0,8750.0,0.0,875.0,48
3,1,P1,8750.0,8750.0,0.0,875.0,48
3,2,P2,8750.0,8750.0,0.0,875.0,48
4,1,P1,7500.0,7500.0,0.0,750.0,48
4,2,P2,7500.0,7500.0,0.0,750.0,48
5,1,P1,7500.0,7500.0,0.0,750.0,48
5,2,P2,7500.0,7500.0,0.0,750.0,48
6,1,P1,7500.0,7500.0,0.0,750.0,48
6,2,P2,7500.0,7500.0,0.0,750.0,48
7,1,P1,7500.0,7500.0,0.0,750.0,48
7,2,P2,7500.0,7500.0,0.0,750.0,48
8,1,P1,9500.0,9500.0,0.0,950.0,48
8,2,P2,9500.0,9500.0,0.0,950.0,48
9,1,P1,9500.0,9500.0,0.0,950.0,48
9,2,P2,9500.0,9500.0,0.0,950.0,48
10,1,P1,9500.0,9500.0,0.0,950.0,48
10,2,P2,9500.0,9500.0,0.0,950.0,48
11,1,P1,9500.0,9500.0,0.0,950.0,48
11,2,P2,9500.0,9500.0,0.0,950.0,48
12,1,P1,8000.0,8000.0,0.0,800.0,48
12,2,P2,8000.0,8000.0,0.0,800.0,48
13,1,P1,8000.0,8000.0,0.0,800.0,48
13,2,P2,8000.0,8000.0,0.0,800.0,48
14,1,P1,8000.0,8000.0,0.0,800.0,48
14,2,P2,8000.0,8000.0,0.0,800.0,48
15,1,P1,8000.0,8000.0,0.0,800.0,48
15,2,P2,8000.0,8000.0,0.0,800.0,48
16,1,P1,10500.0,10500.0,0.0,1050.0,48
16,2,P2,10500.0,10500.0,0.0,1050.0,48
17,1,P1,10500.0,10500.0,0.0,1050.0,48
17,2,P2,10500.0,10500.0,0.0,1050.0,48
18,1,P1,10500.0,10500.0,0.0,1050.0,48
18,2,P2,10500.0,10500.0,0.0,1050.0,48
19,1,P1,10500.0,10500.0,0.0,1050.0,48
19,2,P2,10500.0,10500.0,0.0,1050.0,48
20,1,P1,10000.0,10000.0,0.0,1000.0,48
20,2,P2,10000.0,10000.0,0.0,1000.0,48
21,1,P1,10000.0,10000.0,0.0,1000.0,48
21,2,P2,10000.0,10000.0,0.0,1000.0,48
22,1,P1,10000.0,10000.0,0.0,1000.0,48
22,2,P2,10000.0,10000.0,0.0,1000.0,48
23,1,P1,10000.0,10000.0,0.0,1000.0,48
23,2,P2,10000.0,10000.0,0.0,1000.0,48
24,1,P1,9500.0,9500.0,0.0,950.0,48
24,2,P2,9500.0,9500.0,0.0,950.0,48
25,1,P1,9500.0,9500.0,0.0,950.0,48
25,2,P2,9500.0,9500.0,0.0,950.0,48
26,1,P1,9500.0,9500.0,0.0,950.0,48
26,2,P2,9500.0,9500.0,0.0,950.0,48
27,1,P1,9500.0,9500.0,0.0,950.0,48
27,2,P2,9500.0,9500.0,0.0,950.0,48
28,1,P1,9000.0,9000.0,0.0,900.0,48
28,2,P2,9000.0,9000.0,0.0,900.0,48
29,1,P1,9000.0,9000.0,0.0,900.0,48
29,2,P2,9000.0,9000.0,0.0,900.0,48
30,1,P1,9000.0,9000.0,0.0,900.0,48
30,2,P2,9000.0,9000.0,0.0,900.0,48
31,1,P1,9000.0,9000.0,0.0,900.0,48
31,2,P2,9000.0,9000.0,0.0,900.0,48
32,1,P1,7500.0,7500.0,0.0,750.0,48
32,2,P2,7500.0,7500.0,0.0,750.0,48
33,1,P1,7500.0,7500.0,0.0,750.0,48
33,2,P2,7500.0,7500.0,0.0,750.0,48
34,1,P1,7500.0,7500.0,0.0,750.0,48
34,2,P2,7500.0,7500.0,0.0,750.0,48
35,1,P1,7500.0,7500.0,0.0,750.0,48
35,2,P2,7500.0,7500.0,0.0,750.0,48
36,1,P1,5000.0,5000.0,0.0,500.0,48
36,2,P2,5000.0,5000.0,0.0,500.0,48
37,1,P1,5000.0,5000.0,0.0,500.0,48
37,2,P2,5000.0,5000.0,0.0,500.0,48
38,1,P1,5000.0,5000.0,0.0,500.0,48
38,2,P2,5000.0,5000.0,0.0,500.0,48
39,1,P1,5000.0,5000.0,0.0,500.0,48
39,2,P2,5000.0,5000.0,0.0,500.0,48
40,1,P1,8750.0,8750.0,0.0,875.0,48
40,2,P2,8750.0,8750.0,0.0,875.0,48
41,1,P1,8750.0,8750.0,0.0,875.0,48
41,2,P2,8750.0,8750.0,0.0,875.0,48
42,1,P1,8750.0,8750.0,0.0,875.0,48
42,2,P2,8750.0,8750.0,0.0,875.0,48
43,1,P1,8750.0,8750.0,0.0,875.0,48
43,2,P2,8750.0,8750.0,0.0,875.0,48
44,1,P1,6250.0,6250.0,0.0,625.0,48
44,2,P2,6250.0,6250.0,0.0,625.0,48
45,1,P1,6250.0,6250.0,0.0,625.0,48
45,2,P2,6250.0,6250.0,0.0,625.0,48
46,1,P1,6250.0,6250.0,0.0,625.0,48
46,2,P2,6250.0,6250.0,0.0,625.0,48
47,1,P1,6250.0,6250.0,0.0,625.0,48
47,2,P2,6250.0,6250.0,0.0,625.0,48
