week,total_raw_material_oh,total_raw_material_it,total_finished_goods,stockout,raw_material_oh_1,raw_material_it_1,raw_material_oh_2,raw_material_it_2,finished_goods_1,finished_goods_2
0,760.0,1400.0,40000.0,1,672.0,700.0,88.0,700.0,20000.0,20000.0
1,690.0,1400.0,42500.0,0,608.0,700.0,82.0,700.0,21250.0,21250.0
2,620.0,1400.0,45000.0,0,544.0,700.0,76.0,700.0,22500.0,22500.0
3,620.0,1400.0,27500.0,0,544.0,700.0,76.0,700.0,13750.0,13750.0
4,550.0,1400.0,32500.0,0,480.0,700.0,70.0,700.0,16250.0,16250.0
5,480.0,1400.0,37500.0,0,416.0,700.0,64.0,700.0,18750.0,18750.0
6,410.0,1400.0,42500.0,0,352.0,700.0,58.0,700.0,21250.0,21250.0
7,410.0,1400.0,27500.0,0,352.0,700.0,58.0,700.0,13750.0,13750.0
8,340.0,1400.0,28500.0,0,288.0,700.0,52.0,700.0,14250.0,14250.0
9,270.0,1400.0,29500.0,0,224.0,700.0,46.0,700.0,14750.0,14750.0
10,200.0,1400.0,30500.0,0,160.0,700.0,40.0,700.0,15250.0,15250.0
11,130.0,1400.0,31500.0,0,96.0,700.0,34.0,700.0,15750.0,15750.0
12,305.0,2584.6,35500.0,0,256.0,1205.6,49.0,1379.0,17750.0,17750.0
13,235.0,2584.6,39500.0,0,192.0,1205.6,43.0,1379.0,19750.0,19750.0
14,165.0,2584.6,43500.0,0,128.0,1205.6,37.0,1379.0,21750.0,21750.0
15,165.0,2584.6,27500.0,0,128.0,1205.6,37.0,1379.0,13750.0,13750.0
16,235.0,2374.6,46500.0,0,192.0,1013.5999999999999,43.0,1361.0,23250.0,23250.0
17,165.0,2374.6,45500.0,0,128.0,1013.5999999999999,37.0,1361.0,22750.0,22750.0
18,95.0,2374.6,44500.0,0,64.0,1013.5999999999999,31.0,1361.0,22250.0,22250.0
19,25.0,2374.6,43500.0,0,0.0,1013.5999999999999,25.0,1361.0,21750.0,21750.0
20,221.0,2108.6,43500.0,0,179.2,770.3999999999999,41.8,1338.2,21750.0,21750.0
21,151.0,2108.6,43500.0,0,115.19999999999999,770.3999999999999,35.8,1338.2,21750.0,21750.0
22,80.99999999999999,2108.6,43500.0,0,51.19999999999999,770.3999999999999,29.799999999999997,1338.2,21750.0,21750.0
23,48.999999999999986,2108.6,33500.0,1,19.19999999999999,770.3999999999999,29.799999999999997,1338.2,21750.0,11750.0
24,165.0,3284.6,44500.0,0,128.0,1265.6,37.0,2019.0,22250.0,22250.0
25,95.0,3284.6,45500.0,0,64.0,1265.6,31.0,2019.0,22750.0,22750.0
26,25.0,3284.6,46500.0,0,0.0,1265.6,25.0,2019.0,23250.0,23250.0
27,25.0,3284.6,27500.0,1,0.0,1265.6,25.0,2019.0,13750.0,13750.0
28,249.0,2990.6,29500.0,0,204.8,996.8,44.2,1993.8,14750.0,14750.0
29,179.0,2990.6,31500.0,0,140.8,996.8,38.2,1993.8,15750.0,15750.0
30,109.00000000000001,2990.6,33500.0,0,76.80000000000001,996.8,32.2,1993.8,16750.0,16750.0
31,39.000000000000014,2990.6,35500.0,0,12.800000000000011,996.8,26.200000000000003,1993.8,17750.0,17750.0
32,249.0,2710.6,40500.0,0,204.8,740.8,44.2,1969.8,20250.0,20250.0
33,249.0,2710.6,25500.0,0,204.8,740.8,44.2,1969.8,12750.0,12750.0
34,179.0,2710.6,30500.0,0,140.8,740.8,38.2,1969.8,15250.0,15250.0
35,109.00000000000001,2710.6,35500.0,0,76.80000000000001,740.8,32.2,1969.8,17750.0,17750.0
36,375.0,3844.6,25500.0,0,320.0,1197.6,55.0,2647.0,12750.0,12750.0
37,305.0,3844.6,35500.0,0,256.0,1197.6,49.0,2647.0,17750.0,17750.0
38,305.0,3844.6,25500.0,0,256.0,1197.6,49.0,2647.0,12750.0,12750.0
39,235.0,3844.6,35500.0,0,192.0,1197.6,43.0,2647.0,17750.0,17750.0
40,417.0,3592.6,38000.0,0,358.4,967.1999999999999,58.599999999999994,2625.4,19000.0,19000.0
41,347.0,3592.6,40500.0,0,294.4,967.1999999999999,52.599999999999994,2625.4,20250.0,20250.0
42,277.0,3592.6,43000.0,0,230.39999999999998,967.1999999999999,46.599999999999994,2625.4,21500.0,21500.0
43,206.99999999999997,3592.6,45500.0,0,166.39999999999998,967.1999999999999,40.599999999999994,2625.4,22750.0,22750.0
44,417.0,3382.6,33000.0,0,358.4,775.1999999999999,58.599999999999994,2607.4,16500.0,16500.0
45,347.0,3382.6,40500.0,0,294.4,775.1999999999999,52.599999999999994,2607.4,20250.0,20250.0
46,347.0,3382.6,28000.0,0,294.4,775.1999999999999,52.599999999999994,2607.4,14000.0,14000.0
47,277.0,3382.6,35500.0,0,230.39999999999998,775.1999999999999,46.599999999999994,2607.4,17750.0,17750.0
