week,product_id,product_name,demand_quantity,planned_quantity,produced_quantity,production_time_hours,setup_time_minutes,status
0,1,P1,8750.0,20000.0,20000.0,18.583333333333336,110.0,produced
0,2,P2,8750.0,20000.0,20000.0,24.305555555555554,120.0,produced
1,1,P1,8750.0,10000.0,10000.0,9.333333333333334,55.0,produced
1,2,P2,8750.0,10000.0,10000.0,12.194444444444445,60.0,produced
2,1,P1,8750.0,10000.0,10000.0,9.333333333333334,55.0,produced
2,2,P2,8750.0,10000.0,10000.0,12.194444444444445,60.0,produced
3,1,P1,8750.0,0.0,0.0,0.0,0.0,no_production_required
3,2,P2,8750.0,0.0,0.0,0.0,0.0,no_production_required
4,1,P1,7500.0,10000.0,10000.0,9.333333333333334,55.0,produced
4,2,P2,7500.0,10000.0,10000.0,12.194444444444445,60.0,produced
5,1,P1,7500.0,10000.0,10000.0,9.333333333333334,55.0,produced
5,2,P2,7500.0,10000.0,10000.0,12.194444444444445,60.0,produced
6,1,P1,7500.0,10000.0,10000.0,9.333333333333334,55.0,produced
6,2,P2,7500.0,10000.0,10000.0,12.194444444444445,60.0,produced
7,1,P1,7500.0,0.0,0.0,0.0,0.0,no_production_required
7,2,P2,7500.0,0.0,0.0,0.0,0.0,no_production_required
8,1,P1,9500.0,10000.0,10000.0,9.333333333333334,55.0,produced
8,2,P2,9500.0,10000.0,10000.0,12.194444444444445,60.0,produced
9,1,P1,9500.0,10000.0,10000.0,9.333333333333334,55.0,produced
9,2,P2,9500.0,10000.0,10000.0,12.194444444444445,60.0,produced
10,1,P1,9500.0,10000.0,10000.0,9.333333333333334,55.0,produced
10,2,P2,9500.0,10000.0,10000.0,12.194444444444445,60.0,produced
11,1,P1,9500.0,10000.0,10000.0,9.333333333333334,55.0,produced
11,2,P2,9500.0,10000.0,10000.0,12.194444444444445,60.0,produced
12,1,P1,8000.0,10000.0,10000.0,9.333333333333334,55.0,produced
12,2,P2,8000.0,10000.0,10000.0,12.194444444444445,60.0,produced
13,1,P1,8000.0,10000.0,10000.0,9.333333333333334,55.0,produced
13,2,P2,8000.0,10000.0,10000.0,12.194444444444445,60.0,produced
14,1,P1,8000.0,10000.0,10000.0,9.333333333333334,55.0,produced
14,2,P2,8000.0,10000.0,10000.0,12.194444444444445,60.0,produced
15,1,P1,8000.0,0.0,0.0,0.0,0.0,no_production_required
15,2,P2,8000.0,0.0,0.0,0.0,0.0,no_production_required
16,1,P1,10500.0,20000.0,20000.0,18.583333333333336,110.0,produced
16,2,P2,10500.0,20000.0,20000.0,24.305555555555554,120.0,produced
17,1,P1,10500.0,10000.0,10000.0,9.333333333333334,55.0,produced
17,2,P2,10500.0,10000.0,10000.0,12.194444444444445,60.0,produced
18,1,P1,10500.0,10000.0,10000.0,9.333333333333334,55.0,produced
18,2,P2,10500.0,10000.0,10000.0,12.194444444444445,60.0,produced
19,1,P1,10500.0,10000.0,10000.0,9.333333333333334,55.0,produced
19,2,P2,10500.0,10000.0,10000.0,12.194444444444445,60.0,produced
20,1,P1,10000.0,10000.0,10000.0,9.333333333333334,55.0,produced
20,2,P2,10000.0,10000.0,10000.0,12.194444444444445,60.0,produced
21,1,P1,10000.0,10000.0,10000.0,9.333333333333334,55.0,produced
21,2,P2,10000.0,10000.0,10000.0,12.194444444444445,60.0,produced
22,1,P1,10000.0,10000.0,10000.0,9.333333333333334,55.0,produced
22,2,P2,10000.0,10000.0,10000.0,12.194444444444445,60.0,produced
23,1,P1,10000.0,10000.0,10000.0,9.333333333333334,55.0,produced
23,2,P2,10000.0,10000.0,0.0,12.194444444444445,60.0,raw_material_stockout
24,1,P1,9500.0,10000.0,10000.0,9.333333333333334,55.0,produced
24,2,P2,9500.0,20000.0,20000.0,24.305555555555554,120.0,produced
25,1,P1,9500.0,10000.0,10000.0,9.333333333333334,55.0,produced
25,2,P2,9500.0,10000.0,10000.0,12.194444444444445,60.0,produced
26,1,P1,9500.0,10000.0,10000.0,9.333333333333334,55.0,produced
26,2,P2,9500.0,10000.0,10000.0,12.194444444444445,60.0,produced
27,1,P1,9500.0,10000.0,0.0,9.333333333333334,55.0,raw_material_stockout
27,2,P2,9500.0,10000.0,0.0,12.194444444444445,60.0,raw_material_stockout
28,1,P1,9000.0,10000.0,10000.0,9.333333333333334,55.0,produced
28,2,P2,9000.0,10000.0,10000.0,12.194444444444445,60.0,produced
29,1,P1,9000.0,10000.0,10000.0,9.333333333333334,55.0,produced
29,2,P2,9000.0,10000.0,10000.0,12.194444444444445,60.0,produced
30,1,P1,9000.0,10000.0,10000.0,9.333333333333334,55.0,produced
30,2,P2,9000.0,10000.0,10000.0,12.194444444444445,60.0,produced
31,1,P1,9000.0,10000.0,10000.0,9.333333333333334,55.0,produced
31,2,P2,9000.0,10000.0,10000.0,12.194444444444445,60.0,produced
32,1,P1,7500.0,10000.0,10000.0,9.333333333333334,55.0,produced
32,2,P2,7500.0,10000.0,10000.0,12.194444444444445,60.0,produced
33,1,P1,7500.0,0.0,0.0,0.0,0.0,no_production_required
33,2,P2,7500.0,0.0,0.0,0.0,0.0,no_production_required
34,1,P1,7500.0,10000.0,10000.0,9.333333333333334,55.0,produced
34,2,P2,7500.0,10000.0,10000.0,12.194444444444445,60.0,produced
35,1,P1,7500.0,10000.0,10000.0,9.333333333333334,55.0,produced
35,2,P2,7500.0,10000.0,10000.0,12.194444444444445,60.0,produced
36,1,P1,5000.0,0.0,0.0,0.0,0.0,no_production_required
36,2,P2,5000.0,0.0,0.0,0.0,0.0,no_production_required
37,1,P1,5000.0,10000.0,10000.0,9.333333333333334,55.0,produced
37,2,P2,5000.0,10000.0,10000.0,12.194444444444445,60.0,produced
38,1,P1,5000.0,0.0,0.0,0.0,0.0,no_production_required
38,2,P2,5000.0,0.0,0.0,0.0,0.0,no_production_required
39,1,P1,5000.0,10000.0,10000.0,9.333333333333334,55.0,produced
39,2,P2,5000.0,10000.0,10000.0,12.194444444444445,60.0,produced
40,1,P1,8750.0,10000.0,10000.0,9.333333333333334,55.0,produced
40,2,P2,8750.0,10000.0,10000.0,12.194444444444445,60.0,produced
41,1,P1,8750.0,10000.0,10000.0,9.333333333333334,55.0,produced
41,2,P2,8750.0,10000.0,10000.0,12.194444444444445,60.0,produced
42,1,P1,8750.0,10000.0,10000.0,9.333333333333334,55.0,produced
42,2,P2,8750.0,10000.0,10000.0,12.194444444444445,60.0,produced
43,1,P1,8750.0,10000.0,10000.0,9.333333333333334,55.0,produced
43,2,P2,8750.0,10000.0,10000.0,12.194444444444445,60.0,produced
44,1,P1,6250.0,0.0,0.0,0.0,0.0,no_production_required
44,2,P2,6250.0,0.0,0.0,0.0,0.0,no_production_required
45,1,P1,6250.0,10000.0,10000.0,9.333333333333334,55.0,produced
45,2,P2,6250.0,10000.0,10000.0,12.194444444444445,60.0,produced
46,1,P1,6250.0,0.0,0.0,0.0,0.0,no_production_required
46,2,P2,6250.0,0.0,0.0,0.0,0.0,no_production_required
47,1,P1,6250.0,10000.0,10000.0,9.333333333333334,55.0,produced
47,2,P2,6250.0,10000.0,10000.0,12.194444444444445,60.0,produced
