week,total_purchase_cost,total_ordering_cost,total_production_cost,total_distribution_cost,total_distribution_emissions,total_income,stockout
0,10500.0,200.0,729.1111111111111,100.0,100.0,1000.0,1
1,10500.0,200.0,1095.0833333333335,200.0,200.0,2750.0,0
2,10500.0,200.0,1461.0555555555559,300.0,300.0,4500.0,0
3,10500.0,200.0,1461.0555555555559,400.0,400.0,6250.0,0
4,10500.0,200.0,1827.0277777777783,500.0,500.0,7750.0,0
5,10500.0,200.0,2193.0000000000005,600.0,600.0,9250.0,0
6,10500.0,200.0,2558.9722222222226,700.0,700.0,10750.0,0
7,10500.0,200.0,2558.9722222222226,800.0,800.0,12250.0,0
8,10500.0,200.0,2924.944444444445,900.0,900.0,14150.0,0
9,10500.0,200.0,3290.916666666667,1000.0,1000.0,16050.0,0
10,10500.0,200.0,3656.888888888889,1100.0,1100.0,17950.0,0
11,10500.0,200.0,4022.8611111111113,1200.0,1200.0,19850.0,0
12,21650.879999999997,400.0,4388.833333333334,1300.0,1300.0,21450.0,0
13,21650.879999999997,400.0,4754.805555555557,1400.0,1400.0,23050.0,0
14,21650.879999999997,400.0,5120.777777777779,1500.0,1500.0,24650.0,0
15,21650.879999999997,400.0,5120.777777777779,1600.0,1600.0,26250.0,0
16,21650.879999999997,400.0,5849.8888888888905,1700.0,1700.0,28350.0,0
17,21650.879999999997,400.0,6215.861111111113,1800.0,1800.0,30450.0,0
18,21650.879999999997,400.0,6581.833333333336,1900.0,1900.0,32550.0,0
19,21650.879999999997,400.0,6947.805555555558,2000.0,2000.0,34650.0,0
20,21650.879999999997,400.0,7313.777777777781,2100.0,2100.0,36650.0,0
21,21650.879999999997,400.0,7679.750000000004,2200.0,2200.0,38650.0,0
22,21650.879999999997,400.0,8045.722222222226,2300.0,2300.0,40650.0,0
23,21650.879999999997,400.0,8204.388888888892,2400.0,2400.0,42650.0,1
24,32990.88,600.0,8776.250000000004,2500.0,2500.0,44550.0,0
25,32990.88,600.0,9142.222222222224,2600.0,2600.0,46450.0,0
26,32990.88,600.0,9508.194444444445,2700.0,2700.0,48350.0,0
27,32990.88,600.0,9508.194444444445,2800.0,2800.0,50250.0,1
28,32990.88,600.0,9874.166666666666,2900.0,2900.0,52050.0,0
29,32990.88,600.0,10240.138888888887,3000.0,3000.0,53850.0,0
30,32990.88,600.0,10606.111111111108,3100.0,3100.0,55650.0,0
31,32990.88,600.0,10972.083333333328,3200.0,3200.0,57450.0,0
32,32990.88,600.0,11338.05555555555,3300.0,3300.0,58950.0,0
33,32990.88,600.0,11338.05555555555,3400.0,3400.0,60450.0,0
34,32990.88,600.0,11704.02777777777,3500.0,3500.0,61950.0,0
35,32990.88,600.0,12069.99999999999,3600.0,3600.0,63450.0,0
36,44750.88,800.0,12069.99999999999,3700.0,3700.0,64450.0,0
37,44750.88,800.0,12435.972222222212,3800.0,3800.0,65450.0,0
38,44750.88,800.0,12435.972222222212,3900.0,3900.0,66450.0,0
39,44750.88,800.0,12801.944444444433,4000.0,4000.0,67450.0,0
40,44750.88,800.0,13167.916666666653,4100.0,4100.0,69200.0,0
41,44750.88,800.0,13533.888888888874,4200.0,4200.0,70950.0,0
42,44750.88,800.0,13899.861111111095,4300.0,4300.0,72700.0,0
43,44750.88,800.0,14265.833333333316,4400.0,4400.0,74450.0,0
44,44750.88,800.0,14265.833333333316,4500.0,4500.0,75700.0,0
45,44750.88,800.0,14631.805555555537,4600.0,4600.0,76950.0,0
46,44750.88,800.0,14631.805555555537,4700.0,4700.0,78200.0,0
47,44750.88,800.0,14997.777777777757,4800.0,4800.0,79450.0,0
