month,week,product_id,product_name,quantity_units
1,0,1,P1,8750
1,0,2,P2,8750
1,1,1,P1,8750
1,1,2,P2,8750
1,2,1,P1,8750
1,2,2,P2,8750
1,3,1,P1,8750
1,3,2,P2,8750
2,4,1,P1,7500
2,4,2,P2,7500
2,5,1,P1,7500
2,5,2,P2,7500
2,6,1,P1,7500
2,6,2,P2,7500
2,7,1,P1,7500
2,7,2,P2,7500
3,8,1,P1,9500
3,8,2,P2,9500
3,9,1,P1,9500
3,9,2,P2,9500
3,10,1,P1,9500
3,10,2,P2,9500
3,11,1,P1,9500
3,11,2,P2,9500
4,12,1,P1,8000
4,12,2,P2,8000
4,13,1,P1,8000
4,13,2,P2,8000
4,14,1,P1,8000
4,14,2,P2,8000
4,15,1,P1,8000
4,15,2,P2,8000
5,16,1,P1,10500
5,16,2,P2,10500
5,17,1,P1,10500
5,17,2,P2,10500
5,18,1,P1,10500
5,18,2,P2,10500
5,19,1,P1,10500
5,19,2,P2,10500
6,20,1,P1,10000
6,20,2,P2,10000
6,21,1,P1,10000
6,21,2,P2,10000
6,22,1,P1,10000
6,22,2,P2,10000
6,23,1,P1,10000
6,23,2,P2,10000
7,24,1,P1,9500
7,24,2,P2,9500
7,25,1,P1,9500
7,25,2,P2,9500
7,26,1,P1,9500
7,26,2,P2,9500
7,27,1,P1,9500
7,27,2,P2,9500
8,28,1,P1,9000
8,28,2,P2,9000
8,29,1,P1,9000
8,29,2,P2,9000
8,30,1,P1,9000
8,30,2,P2,9000
8,31,1,P1,9000
8,31,2,P2,9000
9,32,1,P1,7500
9,32,2,P2,7500
9,33,1,P1,7500
9,33,2,P2,7500
9,34,1,P1,7500
9,34,2,P2,7500
9,35,1,P1,7500
9,35,2,P2,7500
10,36,1,P1,5000
10,36,2,P2,5000
10,37,1,P1,5000
10,37,2,P2,5000
10,38,1,P1,5000
10,38,2,P2,5000
10,39,1,P1,5000
10,39,2,P2,5000
11,40,1,P1,8750
11,40,2,P2,8750
11,41,1,P1,8750
11,41,2,P2,8750
11,42,1,P1,8750
11,42,2,P2,8750
11,43,1,P1,8750
11,43,2,P2,8750
12,44,1,P1,6250
12,44,2,P2,6250
12,45,1,P1,6250
12,45,2,P2,6250
12,46,1,P1,6250
12,46,2,P2,6250
12,47,1,P1,6250
12,47,2,P2,6250
