order,phase,start,end,finish_time,expected_delivery_date
O001,approval,0.0,28.0,1176.0,2022-02-21
O001,prototype_design,28.0,102.0,1176.0,2022-02-21
O001,proto_sourcing,102.0,198.0,1176.0,2022-02-21
O001,proto_make,198.0,198.83333333333334,1176.0,2022-02-21
O001,proto_delivery,198.83333333333334,214.83333333333334,1176.0,2022-02-21
O001,full_sourcing,672.0,848.0,1176.0,2022-02-21
O001,full_make,848.0,942.0,1176.0,2022-02-21
O001,full_delivery,1160.0,1176.0,1176.0,2022-02-21
O002,approval,168.0,196.0,1344.0,2022-02-28
O002,prototype_design,196.0,270.0,1344.0,2022-02-28
O002,proto_sourcing,270.0,366.0,1344.0,2022-02-28
O002,proto_make,366.0,366.8333333333333,1344.0,2022-02-28
O002,proto_delivery,366.8333333333333,382.8333333333333,1344.0,2022-02-28
O002,full_sourcing,840.0,1016.0,1344.0,2022-02-28
O002,full_make,1016.0,1084.0,1344.0,2022-02-28
O002,full_delivery,1328.0,1344.0,1344.0,2022-02-28
O003,approval,336.0,364.0,1512.0,2022-03-07
O003,prototype_design,364.0,438.0,1512.0,2022-03-07
O003,proto_sourcing,438.0,534.0,1512.0,2022-03-07
O003,proto_make,534.0,534.8333333333334,1512.0,2022-03-07
O003,proto_delivery,534.8333333333334,550.8333333333334,1512.0,2022-03-07
O003,full_sourcing,1008.0,1184.0,1512.0,2022-03-07
O003,full_make,1184.0,1371.3333333333333,1512.0,2022-03-07
O003,full_delivery,1496.0,1512.0,1512.0,2022-03-07
O004,approval,504.0,532.0,1680.0,2022-03-14
O004,prototype_design,532.0,606.0,1680.0,2022-03-14
O004,proto_sourcing,606.0,702.0,1680.0,2022-03-14
O004,proto_make,702.0,702.8333333333334,1680.0,2022-03-14
O004,proto_delivery,702.8333333333334,718.8333333333334,1680.0,2022-03-14
O004,full_sourcing,1176.0,1352.0,1680.0,2022-03-14
O004,full_make,1352.0,1399.0,1680.0,2022-03-14
O004,full_delivery,1664.0,1680.0,1680.0,2022-03-14
O005,approval,672.0,700.0,1848.0,2022-03-21
O005,prototype_design,700.0,774.0,1848.0,2022-03-21
O005,proto_sourcing,774.0,870.0,1848.0,2022-03-21
O005,proto_make,870.0,870.8333333333334,1848.0,2022-03-21
O005,proto_delivery,870.8333333333334,886.8333333333334,1848.0,2022-03-21
O005,full_sourcing,1344.0,1520.0,1848.0,2022-03-21
O005,full_make,1520.0,1731.6666666666667,1848.0,2022-03-21
O005,full_delivery,1832.0,1848.0,1848.0,2022-03-21
O006,approval,840.0,868.0,2016.0,2022-03-28
O006,prototype_design,868.0,942.0,2016.0,2022-03-28
O006,proto_sourcing,942.0,1038.0,2016.0,2022-03-28
O006,proto_make,1038.0,1038.8333333333333,2016.0,2022-03-28
O006,proto_delivery,1038.8333333333333,1054.8333333333333,2016.0,2022-03-28
O006,full_sourcing,1512.0,1688.0,2016.0,2022-03-28
O006,full_make,1688.0,1851.0,2016.0,2022-03-28
O006,full_delivery,2000.0,2016.0,2016.0,2022-03-28
O007,approval,1008.0,1036.0,2184.0,2022-04-04
O007,prototype_design,1036.0,1110.0,2184.0,2022-04-04
O007,proto_sourcing,1110.0,1206.0,2184.0,2022-04-04
O007,proto_make,1206.0,1206.8333333333333,2184.0,2022-04-04
O007,proto_delivery,1206.8333333333333,1222.8333333333333,2184.0,2022-04-04
O007,full_sourcing,1680.0,1856.0,2184.0,2022-04-04
O007,full_make,1856.0,2118.0,2184.0,2022-04-04
O007,full_delivery,2168.0,2184.0,2184.0,2022-04-04
O008,approval,1176.0,1204.0,2352.0,2022-04-11
O008,prototype_design,1204.0,1278.0,2352.0,2022-04-11
O008,proto_sourcing,1278.0,1374.0,2352.0,2022-04-11
O008,proto_make,1374.0,1374.8333333333333,2352.0,2022-04-11
O008,proto_delivery,1374.8333333333333,1390.8333333333333,2352.0,2022-04-11
O008,full_sourcing,1848.0,2024.0,2352.0,2022-04-11
O008,full_make,2024.0,2113.0,2352.0,2022-04-11
O008,full_delivery,2336.0,2352.0,2352.0,2022-04-11
O009,approval,1344.0,1372.0,2520.0,2022-04-18
O009,prototype_design,1372.0,1446.0,2520.0,2022-04-18
O009,proto_sourcing,1446.0,1542.0,2520.0,2022-04-18
O009,proto_make,1542.0,1542.8333333333333,2520.0,2022-04-18
O009,proto_delivery,1542.8333333333333,1558.8333333333333,2520.0,2022-04-18
O009,full_sourcing,2016.0,2192.0,2520.0,2022-04-18
O009,full_make,2192.0,2382.6666666666665,2520.0,2022-04-18
O009,full_delivery,2504.0,2520.0,2520.0,2022-04-18
O010,approval,1512.0,1540.0,2688.0,2022-04-25
O010,prototype_design,1540.0,1614.0,2688.0,2022-04-25
O010,proto_sourcing,1614.0,1710.0,2688.0,2022-04-25
O010,proto_make,1710.0,1710.8333333333333,2688.0,2022-04-25
O010,proto_delivery,1710.8333333333333,1726.8333333333333,2688.0,2022-04-25
O010,full_sourcing,2184.0,2360.0,2688.0,2022-04-25
O010,full_make,2360.0,2596.0,2688.0,2022-04-25
O010,full_delivery,2672.0,2688.0,2688.0,2022-04-25
O011,approval,1680.0,1708.0,2856.0,2022-05-02
O011,prototype_design,1708.0,1782.0,2856.0,2022-05-02
O011,proto_sourcing,1782.0,1878.0,2856.0,2022-05-02
O011,proto_make,1878.0,1878.8333333333333,2856.0,2022-05-02
O011,proto_delivery,1878.8333333333333,1894.8333333333333,2856.0,2022-05-02
O011,full_sourcing,2352.0,2528.0,2856.0,2022-05-02
O011,full_make,2528.0,2594.3333333333335,2856.0,2022-05-02
O011,full_delivery,2840.0,2856.0,2856.0,2022-05-02
O012,approval,1848.0,1876.0,3504.0,2022-05-29
O012,prototype_design,1876.0,1950.0,3504.0,2022-05-29
O012,proto_sourcing,1950.0,2046.0,3504.0,2022-05-29
O012,proto_make,2046.0,2046.8333333333333,3504.0,2022-05-29
O012,proto_delivery,2046.8333333333333,2062.833333333333,3504.0,2022-05-29
O012,full_sourcing,2520.0,2696.0,3504.0,2022-05-29
O012,full_make,2696.0,3032.0,3504.0,2022-05-29
O012,full_delivery,3488.0,3504.0,3504.0,2022-05-29
O013,approval,2016.0,2044.0,3192.0,2022-05-16
O013,prototype_design,2044.0,2118.0,3192.0,2022-05-16
O013,proto_sourcing,2118.0,2214.0,3192.0,2022-05-16
O013,proto_make,2214.0,2214.8333333333335,3192.0,2022-05-16
O013,proto_delivery,2214.8333333333335,2230.8333333333335,3192.0,2022-05-16
O013,full_sourcing,2688.0,2864.0,3192.0,2022-05-16
O013,full_make,2864.0,2959.6666666666665,3192.0,2022-05-16
O013,full_delivery,3176.0,3192.0,3192.0,2022-05-16
O014,approval,2184.0,2212.0,3840.0,2022-06-12
O014,prototype_design,2212.0,2286.0,3840.0,2022-06-12
O014,proto_sourcing,2286.0,2382.0,3840.0,2022-06-12
O014,proto_make,2382.0,2382.8333333333335,3840.0,2022-06-12
O014,proto_delivery,2382.8333333333335,2398.8333333333335,3840.0,2022-06-12
O014,full_sourcing,2856.0,3032.0,3840.0,2022-06-12
O014,full_make,3032.0,3247.0,3840.0,2022-06-12
O014,full_delivery,3824.0,3840.0,3840.0,2022-06-12
O015,approval,2352.0,2380.0,3912.0,2022-06-15
O015,prototype_design,2380.0,2454.0,3912.0,2022-06-15
O015,proto_sourcing,2454.0,2550.0,3912.0,2022-06-15
O015,proto_make,2550.0,2550.8333333333335,3912.0,2022-06-15
O015,proto_delivery,2550.8333333333335,2566.8333333333335,3912.0,2022-06-15
O015,full_sourcing,3024.0,3200.0,3912.0,2022-06-15
O015,full_make,3200.0,3581.3333333333335,3912.0,2022-06-15
O015,full_delivery,3896.0,3912.0,3912.0,2022-06-15
O016,approval,2520.0,2548.0,3696.0,2022-06-06
O016,prototype_design,2548.0,2622.0,3696.0,2022-06-06
O016,proto_sourcing,2622.0,2718.0,3696.0,2022-06-06
O016,proto_make,2718.0,2718.8333333333335,3696.0,2022-06-06
O016,proto_delivery,2718.8333333333335,2734.8333333333335,3696.0,2022-06-06
O016,full_sourcing,3192.0,3368.0,3696.0,2022-06-06
O016,full_make,3368.0,3536.0,3696.0,2022-06-06
O016,full_delivery,3680.0,3696.0,3696.0,2022-06-06
O017,approval,2688.0,2716.0,3864.0,2022-06-13
O017,prototype_design,2716.0,2790.0,3864.0,2022-06-13
O017,proto_sourcing,2790.0,2886.0,3864.0,2022-06-13
O017,proto_make,2886.0,2886.8333333333335,3864.0,2022-06-13
O017,proto_delivery,2886.8333333333335,2902.8333333333335,3864.0,2022-06-13
O017,full_sourcing,3360.0,3536.0,3864.0,2022-06-13
O017,full_make,3536.0,3605.6666666666665,3864.0,2022-06-13
O017,full_delivery,3848.0,3864.0,3864.0,2022-06-13
O018,approval,2856.0,2884.0,4125.666666666667,2022-06-20
O018,prototype_design,2884.0,2958.0,4125.666666666667,2022-06-20
O018,proto_sourcing,2958.0,3054.0,4125.666666666667,2022-06-20
O018,proto_make,3054.0,3054.8333333333335,4125.666666666667,2022-06-20
O018,proto_delivery,3054.8333333333335,3070.8333333333335,4125.666666666667,2022-06-20
O018,full_sourcing,3528.0,3704.0,4125.666666666667,2022-06-20
O018,full_make,3704.0,4109.666666666667,4125.666666666667,2022-06-20
O018,full_delivery,4109.666666666667,4125.666666666667,4125.666666666667,2022-06-20
O019,approval,3024.0,3052.0,4920.0,2022-07-27
O019,prototype_design,3052.0,3126.0,4920.0,2022-07-27
O019,proto_sourcing,3126.0,3222.0,4920.0,2022-07-27
O019,proto_make,3222.0,3222.8333333333335,4920.0,2022-07-27
O019,proto_delivery,3222.8333333333335,3238.8333333333335,4920.0,2022-07-27
O019,full_sourcing,3696.0,3872.0,4920.0,2022-07-27
O019,full_make,3872.0,3964.3333333333335,4920.0,2022-07-27
O019,full_delivery,4904.0,4920.0,4920.0,2022-07-27
O020,approval,3192.0,3220.0,4368.0,2022-07-04
O020,prototype_design,3220.0,3294.0,4368.0,2022-07-04
O020,proto_sourcing,3294.0,3390.0,4368.0,2022-07-04
O020,proto_make,3390.0,3390.8333333333335,4368.0,2022-07-04
O020,proto_delivery,3390.8333333333335,3406.8333333333335,4368.0,2022-07-04
O020,full_sourcing,3864.0,4040.0,4368.0,2022-07-04
O020,full_make,4040.0,4297.0,4368.0,2022-07-04
O020,full_delivery,4352.0,4368.0,4368.0,2022-07-04
O021,approval,3360.0,3388.0,5280.0,2022-08-11
O021,prototype_design,3388.0,3462.0,5280.0,2022-08-11
O021,proto_sourcing,3462.0,3558.0,5280.0,2022-08-11
O021,proto_make,3558.0,3558.8333333333335,5280.0,2022-08-11
O021,proto_delivery,3558.8333333333335,3574.8333333333335,5280.0,2022-08-11
O021,full_sourcing,4032.0,4208.0,5280.0,2022-08-11
O021,full_make,4208.0,4712.0,5280.0,2022-08-11
O021,full_delivery,5264.0,5280.0,5280.0,2022-08-11
O022,approval,3528.0,3556.0,4704.0,2022-07-18
O022,prototype_design,3556.0,3630.0,4704.0,2022-07-18
O022,proto_sourcing,3630.0,3726.0,4704.0,2022-07-18
O022,proto_make,3726.0,3726.8333333333335,4704.0,2022-07-18
O022,proto_delivery,3726.8333333333335,3742.8333333333335,4704.0,2022-07-18
O022,full_sourcing,4200.0,4376.0,4704.0,2022-07-18
O022,full_make,4376.0,4540.666666666667,4704.0,2022-07-18
O022,full_delivery,4688.0,4704.0,4704.0,2022-07-18
O023,approval,3696.0,3724.0,4872.0,2022-07-25
O023,prototype_design,3724.0,3798.0,4872.0,2022-07-25
O023,proto_sourcing,3798.0,3894.0,4872.0,2022-07-25
O023,proto_make,3894.0,3894.8333333333335,4872.0,2022-07-25
O023,proto_delivery,3894.8333333333335,3910.8333333333335,4872.0,2022-07-25
O023,full_sourcing,4368.0,4544.0,4872.0,2022-07-25
O023,full_make,4544.0,4807.666666666667,4872.0,2022-07-25
O023,full_delivery,4856.0,4872.0,4872.0,2022-07-25
O024,approval,3864.0,3892.0,5520.0,2022-08-21
O024,prototype_design,3892.0,3966.0,5520.0,2022-08-21
O024,proto_sourcing,3966.0,4062.0,5520.0,2022-08-21
O024,proto_make,4062.0,4062.8333333333335,5520.0,2022-08-21
O024,proto_delivery,4062.8333333333335,4078.8333333333335,5520.0,2022-08-21
O024,full_sourcing,4536.0,4712.0,5520.0,2022-08-21
O024,full_make,4712.0,5261.333333333333,5520.0,2022-08-21
O024,full_delivery,5504.0,5520.0,5520.0,2022-08-21
